Unique_ID,url
H1,https://www.imdb.com/title/tt0903624/?ref_=nv_sr_srsg_0
H2,https://www.imdb.com/title/tt1170358/?ref_=nv_sr_srsg_6
H3,https://www.imdb.com/title/tt2310332/?ref_=nv_sr_srsg_0
LR1,https://www.imdb.com/title/tt0120737/?ref_=fn_al_tt_1
LR2,https://www.imdb.com/title/tt0167261/?ref_=nv_sr_srsg_0
LR3,https://www.imdb.com/title/tt0167260/?ref_=nv_sr_srsg_0
M1,https://www.imdb.com/title/tt0133093/?ref_=nv_sr_srsg_1
M2,https://www.imdb.com/title/tt0234215/?ref_=nv_sr_srsg_5
M3,https://www.imdb.com/title/tt0242653/?ref_=nv_sr_srsg_0
BM1,https://www.imdb.com/title/tt0372784/?ref_=nv_sr_srsg_5
BM2,https://www.imdb.com/title/tt0468569/?ref_=nv_sr_srsg_0
BM3,https://www.imdb.com/title/tt1345836/?ref_=nv_sr_srsg_8
IM1,https://www.imdb.com/title/tt0371746/?ref_=nv_sr_srsg_0
IM2,https://www.imdb.com/title/tt1228705/?ref_=nv_sr_srsg_0
IM3,https://www.imdb.com/title/tt1300854/?ref_=nv_sr_srsg_0
GF1,https://www.imdb.com/title/tt0068646/?ref_=nv_sr_srsg_0
GF2,https://www.imdb.com/title/tt0071562/?ref_=nv_sr_srsg_0
GF3,https://www.imdb.com/title/tt0099674/?ref_=nv_sr_srsg_6
JP1,https://www.imdb.com/title/tt0107290/?ref_=nv_sr_srsg_0
JP2,https://www.imdb.com/title/tt0119567/?ref_=nv_sr_srsg_0
JP3,https://www.imdb.com/title/tt0163025/?ref_=nv_sr_srsg_6
T1,https://www.imdb.com/title/tt0800369/?ref_=fn_al_tt_1
T2,https://www.imdb.com/title/tt1981115/?ref_=nv_sr_srsg_0
T3,https://www.imdb.com/title/tt3501632/?ref_=nv_sr_srsg_0
IJ1,https://www.imdb.com/title/tt0082971/?ref_=nv_sr_srsg_0
IJ2,https://www.imdb.com/title/tt0087469/?ref_=nv_sr_srsg_3
IJ3,https://www.imdb.com/title/tt0097576/?ref_=nv_sr_srsg_0
SW1,https://www.imdb.com/title/tt0076759/?ref_=nv_sr_srsg_7
SW2,https://www.imdb.com/title/tt0080684/?ref_=nv_sr_srsg_0
SW3,https://www.imdb.com/title/tt0086190/?ref_=nv_sr_srsg_0
BF1,https://www.imdb.com/title/tt0088763/?ref_=nv_sr_srsg_0
BF2,https://www.imdb.com/title/tt0096874/?ref_=nv_sr_srsg_3
BF3,https://www.imdb.com/title/tt0099088/?ref_=nv_sr_srsg_6
DT1,https://www.imdb.com/title/tt0058461/?ref_=nv_sr_srsg_0
DT2,https://www.imdb.com/title/tt0059578/?ref_=nv_sr_srsg_0
DT3,https://www.imdb.com/title/tt0060196/?ref_=nv_sr_srsg_0
MI1,https://www.imdb.com/title/tt0117060/?ref_=nv_sr_srsg_6
MI2,https://www.imdb.com/title/tt0120755/?ref_=nv_sr_srsg_8
MI3,https://www.imdb.com/title/tt0317919/?ref_=nv_sr_srsg_7
ED1,https://www.imdb.com/title/tt0083907/?ref_=fn_al_tt_1
ED2,https://www.imdb.com/title/tt0092991/?ref_=nv_sr_srsg_7
ED3,https://www.imdb.com/title/tt0106308/?ref_=nv_sr_srsg_0
B1,https://www.imdb.com/title/tt0120611/?ref_=fn_al_tt_1
B2,https://www.imdb.com/title/tt0187738/?ref_=nv_sr_srsg_7
B3,https://www.imdb.com/title/tt0359013/?ref_=nv_sr_srsg_0
MD1,https://www.imdb.com/title/tt0104868/?ref_=nv_sr_srsg_0
MD2,https://www.imdb.com/title/tt0109520/?ref_=nv_sr_srsg_0
MD3,https://www.imdb.com/title/tt0116000/?ref_=nv_sr_srsg_0
CA1,https://www.imdb.com/title/tt0458339/?ref_=nv_sr_srsg_0
CA2,https://www.imdb.com/title/tt1843866/?ref_=nv_sr_srsg_3
CA3,https://www.imdb.com/title/tt3498820/?ref_=nv_sr_srsg_0
W1,https://www.imdb.com/title/tt0458525/?ref_=nv_sr_srsg_0
W2,https://www.imdb.com/title/tt1430132/?ref_=nv_sr_srsg_0
W3,https://www.imdb.com/title/tt3315342/?ref_=nv_sr_srsg_0
SM1,https://www.imdb.com/title/tt0145487/?ref_=nv_sr_srsg_8
SM2,https://www.imdb.com/title/tt0316654/?ref_=nv_sr_srsg_3
SM3,https://www.imdb.com/title/tt0413300/?ref_=nv_sr_srsg_0
NT1,https://www.imdb.com/title/tt0100758/?ref_=nv_sr_srsg_0
NT2,https://www.imdb.com/title/tt0103060/?ref_=nv_sr_srsg_6
NT3,https://www.imdb.com/title/tt0108308/?ref_=nv_sr_srsg_10
BB1,https://www.imdb.com/title/tt0112442/?ref_=nv_sr_srsg_3
BB2,https://www.imdb.com/title/tt0172156/?ref_=nv_sr_srsg_5
BB3,https://www.imdb.com/title/tt1502397/?ref_=nv_sr_srsg_0
